type,n,extra_balls,seed,relaxation,mosek_code,pval,dval,rel_gap,eval_ratio,time
ttrs,20.0,2.0,../data/soctrust/Section_5_3_unsolved_instances_saved/instance_20_225.mat,beta,PrimalAndDualFeasible,-132.85928077917006,-132.85928077921685,3.521179209166045e-13,9058373817687.6,0.31627798080444336
ttrs,5.0,2.0,../data/soctrust/Section_5_3_unsolved_instances_saved/instance_5_475.mat,beta,PrimalAndDualFeasible,-14.624523741773068,-14.624523827296835,5.847969402861834e-09,721972040.7394024,0.011402130126953125
ttrs,10.0,2.0,../data/soctrust/Section_5_3_unsolved_instances_saved/instance_10_538.mat,beta,PrimalAndDualFeasible,-78.77442027501853,-78.77442027664642,2.0665287468830334e-11,216808234664.09488,0.03194904327392578
ttrs,10.0,2.0,../data/soctrust/Section_5_3_unsolved_instances_saved/instance_10_869.mat,beta,PrimalAndDualFeasible,-83.26497176520432,-83.26497177338877,9.829395448482621e-11,49586584341.67412,0.04305601119995117
ttrs,10.0,2.0,../data/soctrust/Section_5_3_unsolved_instances_saved/instance_10_841.mat,beta,PrimalAndDualFeasible,-62.63036155538795,-62.63036155583862,7.195692702221191e-12,577470591423.1935,0.0322721004486084
ttrs,20.0,2.0,../data/soctrust/Section_5_3_unsolved_instances_saved/instance_20_190.mat,beta,PrimalAndDualFeasible,-133.66118691041646,-133.66118691093428,3.8740874301720965e-12,743155898888.7618,0.3399989604949951
ttrs,10.0,2.0,../data/soctrust/Section_5_3_unsolved_instances_saved/instance_10_673.mat,beta,PrimalAndDualFeasible,-82.96399939531152,-82.96399940277182,8.992214545572163e-11,47218771220.542175,0.03911399841308594
ttrs,20.0,2.0,../data/soctrust/Section_5_3_unsolved_instances_saved/instance_20_152.mat,beta,PrimalAndDualFeasible,-145.80817640348857,-145.80817640365638,1.1508392506923495e-12,1003284189074754.4,0.36374998092651367
ttrs,10.0,2.0,../data/soctrust/Section_5_3_unsolved_instances_saved/instance_10_263.mat,beta,PrimalAndDualFeasible,-63.17661582114031,-63.176615877147505,8.865178131681393e-10,3490784974.085655,0.0427851676940918
ttrs,20.0,2.0,../data/soctrust/Section_5_3_unsolved_instances_saved/instance_20_556.mat,beta,PrimalAndDualFeasible,-109.4704375312376,-109.47043753156512,2.991965564968387e-12,1553273578730.8105,0.3240809440612793
ttrs,20.0,2.0,../data/soctrust/Section_5_3_unsolved_instances_saved/instance_20_218.mat,beta,PrimalAndDualFeasible,-123.62925329202122,-123.62925329202223,8.161261658647056e-15,3273370810189858.5,0.3402590751647949
ttrs,20.0,2.0,../data/soctrust/Section_5_3_unsolved_instances_saved/instance_20_31.mat,beta,PrimalAndDualFeasible,-156.8832617105026,-156.88326175491468,2.830899568522519e-10,18314960641.363495,0.26888108253479004
ttrs,20.0,2.0,../data/soctrust/Section_5_3_unsolved_instances_saved/instance_20_998.mat,beta,PrimalAndDualFeasible,-126.37830952515156,-126.37830976570255,1.9034198952395652e-09,1992521351.7142057,0.3388969898223877
ttrs,10.0,2.0,../data/soctrust/Section_5_3_unsolved_instances_saved/instance_10_739.mat,beta,PrimalAndDualFeasible,-45.36545089158316,-45.365451024818896,2.9369428561954038e-09,1128741277.0891528,0.036791086196899414
ttrs,20.0,2.0,../data/soctrust/Section_5_3_unsolved_instances_saved/instance_20_540.mat,beta,PrimalAndDualFeasible,-140.61823626763527,-140.6182362693451,1.2159316337598045e-11,396966097861.05194,0.3292689323425293
ttrs,10.0,2.0,../data/soctrust/Section_5_3_unsolved_instances_saved/instance_10_275.mat,beta,PrimalAndDualFeasible,-70.84051009414037,-70.84051012709986,4.652633229897046e-10,8591773704.985876,0.03579092025756836
ttrs,5.0,2.0,../data/soctrust/Section_5_3_unsolved_instances_saved/instance_5_489.mat,beta,PrimalAndDualFeasible,-23.948445526352238,-23.948445567113183,1.7020288336494319e-09,2335099161.4763436,0.007712841033935547
ttrs,10.0,2.0,../data/soctrust/Section_5_3_unsolved_instances_saved/instance_10_261.mat,beta,PrimalAndDualFeasible,-62.31904154189874,-62.31904154391345,3.232893751621433e-11,110848747670.6896,0.027007102966308594
ttrs,20.0,2.0,../data/soctrust/Section_5_3_unsolved_instances_saved/instance_20_408.mat,beta,PrimalAndDualFeasible,-137.20779492426772,-137.20779492593695,1.2165747707469854e-11,111448467948118.2,0.37146592140197754
ttrs,20.0,2.0,../data/soctrust/Section_5_3_unsolved_instances_saved/instance_20_346.mat,beta,PrimalAndDualFeasible,-155.2524005065564,-155.25240088888327,2.4626148931780036e-09,1843171163.4105847,0.2923409938812256
ttrs,10.0,2.0,../data/soctrust/Section_5_3_unsolved_instances_saved/instance_10_47.mat,beta,PrimalAndDualFeasible,-36.34235101471474,-36.3423510176541,8.087991012348183e-11,29369029746.49363,0.041046142578125
ttrs,20.0,2.0,../data/soctrust/Section_5_3_unsolved_instances_saved/instance_20_150.mat,beta,PrimalAndDualFeasible,-155.18748854819864,-155.18748854840817,1.350140039515634e-12,2878168402136.8765,0.3297288417816162
ttrs,10.0,2.0,../data/soctrust/Section_5_3_unsolved_instances_saved/instance_10_856.mat,beta,PrimalAndDualFeasible,-78.19994620776886,-78.19994808757228,2.403842315813146e-08,138003332.52485937,0.04397106170654297
ttrs,20.0,2.0,../data/soctrust/Section_5_3_unsolved_instances_saved/instance_20_384.mat,beta,PrimalAndDualFeasible,-140.14096368896185,-140.14096369633046,5.258000368177294e-11,50180436105.00303,0.405595064163208
ttrs,20.0,2.0,../data/soctrust/Section_5_3_unsolved_instances_saved/instance_20_435.mat,beta,PrimalAndDualFeasible,-142.42799078372116,-142.42799078390948,1.3222277843665038e-12,2210558812830.935,0.3311140537261963
ttrs,10.0,2.0,../data/soctrust/Section_5_3_unsolved_instances_saved/instance_10_506.mat,beta,PrimalAndDualFeasible,-79.634872522076,-79.63487260130717,9.949305927004402e-10,3978978562.892292,0.03795504570007324
ttrs,20.0,2.0,../data/soctrust/Section_5_3_unsolved_instances_saved/instance_20_958.mat,beta,PrimalAndDualFeasible,-125.42341606879327,-125.42341612678739,4.623866595568177e-10,10773490503.340538,0.27623510360717773
ttrs,20.0,2.0,../data/soctrust/Section_5_3_unsolved_instances_saved/instance_20_757.mat,beta,PrimalAndDualFeasible,-134.18156896935375,-134.18156897035365,7.451874107208344e-12,883983377735.087,0.2881960868835449
ttrs,5.0,2.0,../data/soctrust/Section_5_3_unsolved_instances_saved/instance_5_107.mat,beta,PrimalAndDualFeasible,-17.264714918762625,-17.26471493529243,9.574329449684324e-10,3059084208.607848,0.014268159866333008
ttrs,20.0,2.0,../data/soctrust/Section_5_3_unsolved_instances_saved/instance_20_948.mat,beta,PrimalAndDualFeasible,-118.54380467584407,-118.54380467587656,2.740422746492721e-13,16363073843140.646,0.3045189380645752
ttrs,20.0,2.0,../data/soctrust/Section_5_3_unsolved_instances_saved/instance_20_974.mat,beta,PrimalAndDualFeasible,-156.47966821013475,-156.4796682108729,4.717163731610433e-12,1032313493207.1403,0.3524301052093506
ttrs,5.0,2.0,../data/soctrust/Section_5_3_unsolved_instances_saved/instance_5_315.mat,beta,PrimalAndDualFeasible,-9.290187956994695,-9.29018795717112,1.8990572176517164e-11,167010433251.37402,0.008353948593139648
ttrs,10.0,2.0,../data/soctrust/Section_5_3_unsolved_instances_saved/instance_10_258.mat,beta,PrimalAndDualFeasible,-50.753115929864265,-50.75311601220923,1.62246133270884e-09,2927846415.337992,0.03652787208557129
ttrs,20.0,2.0,../data/soctrust/Section_5_3_unsolved_instances_saved/instance_20_586.mat,beta,PrimalAndDualFeasible,-133.29573670865736,-133.29573670869996,3.1962119335660437e-13,95342016319495.61,0.32941603660583496
ttrs,5.0,2.0,../data/soctrust/Section_5_3_unsolved_instances_saved/instance_5_711.mat,beta,PrimalAndDualFeasible,-19.31102988159467,-19.311029890031,4.368659152299494e-10,8164547225.304582,0.01055002212524414
ttrs,10.0,2.0,../data/soctrust/Section_5_3_unsolved_instances_saved/instance_10_95.mat,beta,PrimalAndDualFeasible,-34.95623568278075,-34.9562356828201,1.1256891921505073e-12,4157787465636.685,0.03409099578857422
ttrs,10.0,2.0,../data/soctrust/Section_5_3_unsolved_instances_saved/instance_10_660.mat,beta,PrimalAndDualFeasible,-98.64423931768536,-98.64424071000686,1.4114574692435653e-08,144311898.04464278,0.03326106071472168
ttrs,5.0,2.0,../data/soctrust/Section_5_3_unsolved_instances_saved/instance_5_922.mat,beta,PrimalAndDualFeasible,-23.245003739494564,-23.24500374162377,9.159840455676949e-11,33033454342.60186,0.009318113327026367
ttrs,20.0,2.0,../data/soctrust/Section_5_3_unsolved_instances_saved/instance_20_815.mat,beta,PrimalAndDualFeasible,-132.08448545014636,-132.0844855102999,4.5541725079155303e-10,12746604023.482948,0.2775259017944336
ttrs,10.0,2.0,../data/soctrust/Section_5_3_unsolved_instances_saved/instance_10_675.mat,beta,PrimalAndDualFeasible,-51.261658567007196,-51.261658580241495,2.581714942176584e-10,17377469283.51143,0.036544084548950195
ttrs,10.0,2.0,../data/soctrust/Section_5_3_unsolved_instances_saved/instance_10_885.mat,beta,PrimalAndDualFeasible,-68.8771956438116,-68.87719633311148,1.0007664674518451e-08,378170054.996144,0.03291487693786621
ttrs,10.0,2.0,../data/soctrust/Section_5_3_unsolved_instances_saved/instance_10_80.mat,beta,PrimalAndDualFeasible,-57.12009381747004,-57.12009382581218,1.4604552507682029e-10,27180195960.764317,0.03724312782287598
ttrs,20.0,2.0,../data/soctrust/Section_5_3_unsolved_instances_saved/instance_20_183.mat,beta,PrimalAndDualFeasible,-128.86169239234,-128.86169239327322,7.242081116726127e-12,823168968919.771,0.27419400215148926
ttrs,20.0,2.0,../data/soctrust/Section_5_3_unsolved_instances_saved/instance_20_140.mat,beta,PrimalAndDualFeasible,-121.89579425837876,-121.89579425833402,3.6700011608800124e-13,3142103234437.7104,0.3538320064544678
ttrs,20.0,2.0,../data/soctrust/Section_5_3_unsolved_instances_saved/instance_20_430.mat,beta,PrimalAndDualFeasible,-127.93619429447301,-127.93619429448746,1.1296599312696598e-13,1495577654630978.8,0.3507511615753174
ttrs,10.0,2.0,../data/soctrust/Section_5_3_unsolved_instances_saved/instance_10_271.mat,beta,PrimalAndDualFeasible,-86.32412177051938,-86.32412177059128,8.328229992920603e-13,4752528271345.69,0.03139901161193848
ttrs,20.0,2.0,../data/soctrust/Section_5_3_unsolved_instances_saved/instance_20_23.mat,beta,PrimalAndDualFeasible,-118.13326410925761,-118.1332641093341,6.475486096884448e-13,8820416751256.512,0.2845010757446289
ttrs,20.0,2.0,../data/soctrust/Section_5_3_unsolved_instances_saved/instance_20_591.mat,beta,PrimalAndDualFeasible,-139.16091314071096,-139.16091314208285,9.858281765528804e-12,405231425192.5567,0.3381989002227783
ttrs,5.0,2.0,../data/soctrust/Section_5_3_unsolved_instances_saved/instance_5_504.mat,beta,PrimalAndDualFeasible,-16.107629747684896,-16.107629748581306,5.5651270317894e-11,83745794911.3243,0.011626958847045898
ttrs,5.0,2.0,../data/soctrust/Section_5_3_unsolved_instances_saved/instance_5_510.mat,beta,PrimalAndDualFeasible,-15.451180136178749,-15.451180157399012,1.3733748929602725e-09,2563616605.109236,0.011573076248168945
ttrs,10.0,2.0,../data/soctrust/Section_5_3_unsolved_instances_saved/instance_10_461.mat,beta,PrimalAndDualFeasible,-85.688741459163,-85.6887414592317,8.016837512545019e-13,5998520861963.94,0.031794071197509766
ttrs,10.0,2.0,../data/soctrust/Section_5_3_unsolved_instances_saved/instance_10_8.mat,beta,PrimalAndDualFeasible,-73.31897413787354,-73.31897430962402,2.342510757300909e-09,1439166365.2198477,0.048066139221191406
ttrs,10.0,2.0,../data/soctrust/Section_5_3_unsolved_instances_saved/instance_10_69.mat,beta,PrimalAndDualFeasible,-85.82324458833793,-85.82324461493727,3.09931627112224e-10,16540850826.151901,0.04697895050048828
ttrs,10.0,2.0,../data/soctrust/Section_5_3_unsolved_instances_saved/instance_10_887.mat,beta,PrimalAndDualFeasible,-47.098540991232895,-47.09854102363133,6.878861146936493e-10,6291257597.26168,0.04094195365905762
ttrs,10.0,2.0,../data/soctrust/Section_5_3_unsolved_instances_saved/instance_10_879.mat,beta,PrimalAndDualFeasible,-90.66729977894701,-90.66732531332198,2.816271294795519e-07,11231324.132005608,0.03548789024353027
ttrs,5.0,2.0,../data/soctrust/Section_5_3_unsolved_instances_saved/instance_5_539.mat,beta,PrimalAndDualFeasible,-21.793242329186178,-21.793242329464665,1.277857433656844e-11,256870234772.40704,0.011811971664428711
ttrs,20.0,2.0,../data/soctrust/Section_5_3_unsolved_instances_saved/instance_20_235.mat,beta,PrimalAndDualFeasible,-134.3209676060242,-134.32096760783637,1.3491327717245098e-11,284947824403.06494,0.414154052734375
ttrs,10.0,2.0,../data/soctrust/Section_5_3_unsolved_instances_saved/instance_10_299.mat,beta,PrimalAndDualFeasible,-45.841209117527534,-45.84120912090929,7.377111471431187e-11,51417434233.32228,0.03703880310058594
ttrs,20.0,2.0,../data/soctrust/Section_5_3_unsolved_instances_saved/instance_20_962.mat,beta,PrimalAndDualFeasible,-127.63187303202352,-127.63187303272329,5.482728500807024e-12,243647145683947.97,0.3786311149597168
ttrs,5.0,2.0,../data/soctrust/Section_5_3_unsolved_instances_saved/instance_5_868.mat,beta,PrimalAndDualFeasible,-23.806851889722772,-23.806851892621975,1.2178017778155773e-10,18887225713.213642,0.009289026260375977
ttrs,20.0,2.0,../data/soctrust/Section_5_3_unsolved_instances_saved/instance_20_291.mat,beta,PrimalAndDualFeasible,-156.7360051856245,-156.73600518590408,1.7837915119472356e-12,2215654767578.864,0.36103200912475586
ttrs,20.0,2.0,../data/soctrust/Section_5_3_unsolved_instances_saved/instance_20_332.mat,beta,PrimalAndDualFeasible,-140.07072489417777,-140.07072489458693,2.9210881093719944e-12,903166197957.5852,0.2979450225830078
ttrs,20.0,2.0,../data/soctrust/Section_5_3_unsolved_instances_saved/instance_20_326.mat,beta,PrimalAndDualFeasible,-152.55504687341053,-152.55504687341985,6.11079140561495e-14,114276741246661.0,0.35150814056396484
ttrs,20.0,2.0,../data/soctrust/Section_5_3_unsolved_instances_saved/instance_20_695.mat,beta,PrimalAndDualFeasible,-133.54025340442465,-133.54025340473683,2.3377524635792623e-12,2092829626638.5925,0.36123204231262207
ttrs,20.0,2.0,../data/soctrust/Section_5_3_unsolved_instances_saved/instance_20_858.mat,beta,PrimalAndDualFeasible,-143.54262908614194,-143.5426290861611,1.3345326247713562e-13,33092760881006.426,0.2980470657348633
ttrs,20.0,2.0,../data/soctrust/Section_5_3_unsolved_instances_saved/instance_20_864.mat,beta,PrimalAndDualFeasible,-141.4172694408021,-141.41726944155715,5.339172052407397e-12,781194009740.6304,0.3002190589904785
ttrs,20.0,2.0,../data/soctrust/Section_5_3_unsolved_instances_saved/instance_20_509.mat,beta,PrimalAndDualFeasible,-122.96181786131575,-122.96181786251101,9.720584812622143e-12,359009466279530.25,0.3799610137939453
ttrs,20.0,2.0,../data/soctrust/Section_5_3_unsolved_instances_saved/instance_20_46.mat,beta,PrimalAndDualFeasible,-83.60156017841598,-83.60156019623687,2.13164622071553e-10,22622555694.97818,0.2732429504394531
ttrs,5.0,2.0,../data/soctrust/Section_5_3_unsolved_instances_saved/instance_5_198.mat,beta,PrimalAndDualFeasible,-7.552100265248599,-7.552100335501135,9.302383780729608e-09,664260921.5425541,0.017093181610107422
ttrs,20.0,2.0,../data/soctrust/Section_5_3_unsolved_instances_saved/instance_20_85.mat,beta,PrimalAndDualFeasible,-153.7820216088108,-153.78202161218604,2.194826475663028e-11,578413427205.5209,0.43825793266296387
ttrs,5.0,2.0,../data/soctrust/Section_5_3_unsolved_instances_saved/instance_5_615.mat,beta,PrimalAndDualFeasible,-20.90623881438103,-20.906238893854574,3.801427159834129e-09,924719411.013652,0.010586023330688477
ttrs,10.0,2.0,../data/soctrust/Section_5_3_unsolved_instances_saved/instance_10_941.mat,beta,PrimalAndDualFeasible,-44.218636401233944,-44.21863640126428,6.859793032591528e-13,6527801286493.679,0.029715776443481445
ttrs,20.0,2.0,../data/soctrust/Section_5_3_unsolved_instances_saved/instance_20_245.mat,beta,PrimalAndDualFeasible,-132.72006550053788,-132.72006549561516,3.709104060490092e-11,181845801458.651,0.42845916748046875
ttrs,20.0,2.0,../data/soctrust/Section_5_3_unsolved_instances_saved/instance_20_292.mat,beta,PrimalAndDualFeasible,-128.52658728716867,-128.52658732502417,2.9453439059894e-10,12888108329.350548,0.3109550476074219
ttrs,20.0,2.0,../data/soctrust/Section_5_3_unsolved_instances_saved/instance_20_133.mat,beta,PrimalAndDualFeasible,-138.19079590357902,-138.19079590370387,9.035085782039028e-13,14620126815819.729,0.37070608139038086
ttrs,20.0,2.0,../data/soctrust/Section_5_3_unsolved_instances_saved/instance_20_872.mat,beta,PrimalAndDualFeasible,-118.40086178478957,-118.40086178616296,1.1599525733050457e-11,576465859800.5946,0.37755393981933594
ttrs,10.0,2.0,../data/soctrust/Section_5_3_unsolved_instances_saved/instance_10_607.mat,beta,PrimalAndDualFeasible,-57.319041261419414,-57.31904700108574,1.0013541598590429e-07,31231601.494368073,0.03706002235412598
ttrs,10.0,2.0,../data/soctrust/Section_5_3_unsolved_instances_saved/instance_10_820.mat,beta,PrimalAndDualFeasible,-93.55480444801151,-93.55480478980225,3.6533745041386666e-09,937668938.8603764,0.030267953872680664
ttrs,20.0,2.0,../data/soctrust/Section_5_3_unsolved_instances_saved/instance_20_456.mat,beta,PrimalAndDualFeasible,-128.43591174686145,-128.43591175094997,3.183315078554976e-11,113371477504326.81,0.4010188579559326
ttrs,20.0,2.0,../data/soctrust/Section_5_3_unsolved_instances_saved/instance_20_442.mat,beta,PrimalAndDualFeasible,-97.76911767679637,-97.76911767685353,5.846023675233662e-13,10340149755670.855,0.35321903228759766
ttrs,5.0,2.0,../data/soctrust/Section_5_3_unsolved_instances_saved/instance_5_616.mat,beta,PrimalAndDualFeasible,-14.089001844174962,-14.089001914926737,5.021773353569202e-09,673226254.8747373,0.03842902183532715
ttrs,20.0,2.0,../data/soctrust/Section_5_3_unsolved_instances_saved/instance_20_720.mat,beta,PrimalAndDualFeasible,-115.36724616615443,-115.36724616617465,1.7528412033521583e-13,36015847220705.78,0.35666394233703613
ttrs,10.0,2.0,../data/soctrust/Section_5_3_unsolved_instances_saved/instance_10_968.mat,beta,PrimalAndDualFeasible,-93.6174250741878,-93.6174250998914,2.745599895012037e-10,12458095760.79213,0.038507938385009766
ttrs,20.0,2.0,../data/soctrust/Section_5_3_unsolved_instances_saved/instance_20_283.mat,beta,PrimalAndDualFeasible,-145.5673555057079,-145.56735550579853,6.226453112282868e-13,8908792890040.656,0.37937498092651367
ttrs,5.0,2.0,../data/soctrust/Section_5_3_unsolved_instances_saved/instance_5_940.mat,beta,PrimalAndDualFeasible,-15.463445147946887,-15.463445224067298,4.922603623702043e-09,814407450.8202509,0.010165929794311523
ttrs,10.0,2.0,../data/soctrust/Section_5_3_unsolved_instances_saved/instance_10_602.mat,beta,PrimalAndDualFeasible,-59.00992585788272,-59.009925867057774,1.554832254346912e-10,34508006925.22653,0.0302579402923584
ttrs,10.0,2.0,../data/soctrust/Section_5_3_unsolved_instances_saved/instance_10_366.mat,beta,PrimalAndDualFeasible,-85.65657666115712,-85.65657679265827,1.5352137349250083e-09,2075745013.0607169,0.038633108139038086
ttrs,20.0,2.0,../data/soctrust/Section_5_3_unsolved_instances_saved/instance_20_335.mat,beta,PrimalAndDualFeasible,-143.2214079522502,-143.22140797744083,1.7588602566601334e-10,15815157984.015669,0.3701441287994385
ttrs,20.0,2.0,../data/soctrust/Section_5_3_unsolved_instances_saved/instance_20_269.mat,beta,PrimalAndDualFeasible,-140.05899002815875,-140.05899003027437,1.5105255181617828e-11,372434106350.06177,0.4164102077484131
ttrs,20.0,2.0,../data/soctrust/Section_5_3_unsolved_instances_saved/instance_20_527.mat,beta,PrimalAndDualFeasible,-87.57094095608468,-87.57094095611569,3.5409103350979523e-13,72474467668797.75,0.36663007736206055
ttrs,10.0,2.0,../data/soctrust/Section_5_3_unsolved_instances_saved/instance_10_762.mat,beta,PrimalAndDualFeasible,-65.74703702821424,-65.74703708419335,8.514317478546712e-10,5048600949.133212,0.03607916831970215
ttrs,20.0,2.0,../data/soctrust/Section_5_3_unsolved_instances_saved/instance_20_719.mat,beta,PrimalAndDualFeasible,-127.99032680189242,-127.99032680355283,1.2972937230937651e-11,356842418243663.5,0.42450690269470215
ttrs,20.0,2.0,../data/soctrust/Section_5_3_unsolved_instances_saved/instance_20_725.mat,beta,PrimalAndDualFeasible,-118.73501389924616,-118.73501389930746,5.163230729343844e-13,9028001353753.1,0.3171830177307129
ttrs,20.0,2.0,../data/soctrust/Section_5_3_unsolved_instances_saved/instance_20_731.mat,beta,PrimalAndDualFeasible,-144.54248321694354,-144.54248322116,2.91711764384742e-11,156190799331.88303,0.31848788261413574
ttrs,20.0,2.0,../data/soctrust/Section_5_3_unsolved_instances_saved/instance_20_727.mat,beta,PrimalAndDualFeasible,-150.7057012504502,-150.70570127389655,1.55577041145089e-10,33131605527.67442,0.39114904403686523
ttrs,10.0,2.0,../data/soctrust/Section_5_3_unsolved_instances_saved/instance_10_990.mat,beta,PrimalAndDualFeasible,-99.98998196623856,-99.98998251125505,5.450710945260311e-09,544947906.3117646,0.03463315963745117
ttrs,20.0,2.0,../data/soctrust/Section_5_3_unsolved_instances_saved/instance_20_479.mat,beta,PrimalAndDualFeasible,-129.31891196629985,-129.31891197109292,3.706391762105914e-11,149762715221.5374,0.383530855178833
ttrs,5.0,2.0,../data/soctrust/Section_5_3_unsolved_instances_saved/instance_5_51.mat,beta,PrimalAndDualFeasible,-15.66375920893018,-15.663759209900627,6.195491267638605e-11,69502692892.16344,0.019077062606811523
ttrs,20.0,2.0,../data/soctrust/Section_5_3_unsolved_instances_saved/instance_20_690.mat,beta,PrimalAndDualFeasible,-149.87780083252937,-149.87780083255413,1.6516995029531397e-13,240522457335623.1,0.3755991458892822
ttrs,10.0,2.0,../data/soctrust/Section_5_3_unsolved_instances_saved/instance_10_172.mat,beta,PrimalAndDualFeasible,-69.28226483403905,-69.28226499006017,2.2519632726327724e-09,1485532468.596685,0.048239946365356445
ttrs,5.0,2.0,../data/soctrust/Section_5_3_unsolved_instances_saved/instance_5_93.mat,beta,PrimalAndDualFeasible,-10.819154827377728,-10.819154829115078,1.6058091848616742e-10,29110663498.830437,0.00913691520690918
ttrs,20.0,2.0,../data/soctrust/Section_5_3_unsolved_instances_saved/instance_20_120.mat,beta,PrimalAndDualFeasible,-144.11330822438285,-144.11330822491482,3.691325540730907e-12,1154280317380.0093,0.3733658790588379
ttrs,20.0,2.0,../data/soctrust/Section_5_3_unsolved_instances_saved/instance_20_336.mat,beta,PrimalAndDualFeasible,-141.29845796916862,-141.29845873203564,5.398976227068615e-09,415802810.19707465,0.5116860866546631
ttrs,20.0,2.0,../data/soctrust/Section_5_3_unsolved_instances_saved/instance_20_450.mat,beta,PrimalAndDualFeasible,-140.0458176442573,-140.04581764434644,6.364380048829932e-13,15582475461007.781,0.393172025680542
ttrs,10.0,2.0,../data/soctrust/Section_5_3_unsolved_instances_saved/instance_10_952.mat,beta,PrimalAndDualFeasible,-92.96585319647524,-92.96585319650903,3.6350349457154753e-13,8644315655788.644,0.03278303146362305
ttrs,20.0,2.0,../data/soctrust/Section_5_3_unsolved_instances_saved/instance_20_66.mat,beta,PrimalAndDualFeasible,-139.80414853325343,-139.8041485332826,2.0878561824707967e-13,13313306739271.666,0.4324929714202881
ttrs,20.0,2.0,../data/soctrust/Section_5_3_unsolved_instances_saved/instance_20_529.mat,beta,PrimalAndDualFeasible,-151.9105413747111,-151.91054139074612,1.055556561375489e-10,32026054282.124775,0.4544351100921631
ttrs,5.0,2.0,../data/soctrust/Section_5_3_unsolved_instances_saved/instance_5_345.mat,beta,PrimalAndDualFeasible,-20.11922100122686,-20.11922100167872,2.245907009187736e-11,228592097783.77158,0.0123138427734375
ttrs,20.0,2.0,../data/soctrust/Section_5_3_unsolved_instances_saved/instance_20_298.mat,beta,PrimalAndDualFeasible,-146.15360777157753,-146.15360777157906,1.050109082247558e-14,347617140536986.3,0.3745310306549072
ttrs,20.0,2.0,../data/soctrust/Section_5_3_unsolved_instances_saved/instance_20_893.mat,beta,PrimalAndDualFeasible,-117.78421952079341,-117.78421952205555,1.0715671986102418e-11,566550959069.5789,0.3672170639038086
ttrs,20.0,2.0,../data/soctrust/Section_5_3_unsolved_instances_saved/instance_20_111.mat,beta,PrimalAndDualFeasible,-148.40612637360377,-148.4061263740884,3.265488961534031e-12,1581955211637.4048,0.40180301666259766
ttrs,5.0,2.0,../data/soctrust/Section_5_3_unsolved_instances_saved/instance_5_999.mat,beta,PrimalAndDualFeasible,-10.715016097644943,-10.715016105256174,7.103331142671011e-10,4590370720.806136,0.011182069778442383
ttrs,5.0,2.0,../data/soctrust/Section_5_3_unsolved_instances_saved/instance_5_755.mat,beta,PrimalAndDualFeasible,-20.8401885987218,-20.840188782088184,8.798691216808609e-09,395980645.1673604,0.01176595687866211
ttrs,20.0,2.0,../data/soctrust/Section_5_3_unsolved_instances_saved/instance_20_105.mat,beta,PrimalAndDualFeasible,-140.25523999928762,-140.25523999939267,7.489676539376883e-13,3750100894475.6367,0.35513901710510254
ttrs,20.0,2.0,../data/soctrust/Section_5_3_unsolved_instances_saved/instance_20_844.mat,beta,PrimalAndDualFeasible,-140.0042434447727,-140.00424361258152,1.1985981055400773e-09,3569409948.614656,0.37096500396728516
ttrs,20.0,2.0,../data/soctrust/Section_5_3_unsolved_instances_saved/instance_20_879.mat,beta,PrimalAndDualFeasible,-134.1726309734443,-134.17263097570822,1.68730599267922e-11,341559679952.6468,0.33618903160095215
ttrs,10.0,2.0,../data/soctrust/Section_5_3_unsolved_instances_saved/instance_10_631.mat,beta,PrimalAndDualFeasible,-94.05122726977913,-94.05122734052951,7.522536013099753e-10,5533188586.346471,0.051583051681518555
ttrs,5.0,2.0,../data/soctrust/Section_5_3_unsolved_instances_saved/instance_5_344.mat,beta,PrimalAndDualFeasible,-20.064080994634807,-20.064081119091114,6.202940779651899e-09,478953358.4113491,0.010952949523925781
ttrs,20.0,2.0,../data/soctrust/Section_5_3_unsolved_instances_saved/instance_20_514.mat,beta,PrimalAndDualFeasible,-69.26646933606901,-69.26646933637008,4.346564374962866e-12,710023293436.2826,0.3851318359375
ttrs,20.0,2.0,../data/soctrust/Section_5_3_unsolved_instances_saved/instance_20_931.mat,beta,PrimalAndDualFeasible,-98.91057947381466,-98.9105794741309,3.1971721494221326e-12,1868470532587.547,0.33724212646484375
ttrs,20.0,2.0,../data/soctrust/Section_5_3_unsolved_instances_saved/instance_20_716.mat,beta,PrimalAndDualFeasible,-142.83236029825315,-142.83236029825164,1.0546283745965955e-14,118314370096435.39,0.4002819061279297
ttrs,20.0,2.0,../data/soctrust/Section_5_3_unsolved_instances_saved/instance_20_702.mat,beta,PrimalAndDualFeasible,-150.5966531822623,-150.59665318963425,4.8951726301226904e-11,281872501262.4104,0.4459841251373291
ttrs,20.0,2.0,../data/soctrust/Section_5_3_unsolved_instances_saved/instance_20_98.mat,beta,PrimalAndDualFeasible,-154.10996147633472,-154.10996147608782,1.6020988355125345e-12,6167651770675.286,0.5127120018005371
ttrs,10.0,2.0,../data/soctrust/Section_5_3_unsolved_instances_saved/instance_10_974.mat,beta,PrimalAndDualFeasible,-67.37242244565414,-67.37242257189094,1.8737161896700623e-09,1606197544.1355073,0.04069709777832031
ttrs,20.0,2.0,../data/soctrust/Section_5_3_unsolved_instances_saved/instance_20_700.mat,beta,PrimalAndDualFeasible,-138.615393451859,-138.61539349613466,3.194136702991278e-10,12160188185.345608,0.4096338748931885
ttrs,20.0,2.0,../data/soctrust/Section_5_3_unsolved_instances_saved/instance_20_927.mat,beta,PrimalAndDualFeasible,-141.7283093448168,-141.72830934969676,3.443172848287392e-11,143759771899.73685,0.3302500247955322
ttrs,10.0,2.0,../data/soctrust/Section_5_3_unsolved_instances_saved/instance_10_747.mat,beta,PrimalAndDualFeasible,-78.02092002105681,-78.02092003907565,2.3094880155614567e-10,14892771631.449844,0.04304194450378418
ttrs,10.0,2.0,../data/soctrust/Section_5_3_unsolved_instances_saved/instance_10_592.mat,beta,PrimalAndDualFeasible,-69.56483935845203,-69.56483968848868,4.744302492930292e-09,827194864.1282239,0.05074787139892578
ttrs,10.0,2.0,../data/soctrust/Section_5_3_unsolved_instances_saved/instance_10_551.mat,beta,PrimalAndDualFeasible,-75.0281953686991,-75.02819536870282,4.9624596687769024e-14,87092227217447.75,0.0323789119720459
ttrs,10.0,2.0,../data/soctrust/Section_5_3_unsolved_instances_saved/instance_10_343.mat,beta,PrimalAndDualFeasible,-66.54414619613674,-66.544146256618,9.088894095125257e-10,3994433556.5506015,0.038574934005737305
ttrs,20.0,2.0,../data/soctrust/Section_5_3_unsolved_instances_saved/instance_20_884.mat,beta,PrimalAndDualFeasible,-157.7215205632981,-157.7215205640827,4.974652208091637e-12,743233040497.7117,0.48444104194641113
ttrs,5.0,2.0,../data/soctrust/Section_5_3_unsolved_instances_saved/instance_5_89.mat,beta,PrimalAndDualFeasible,-3.7837042706257247,-3.7837042707825335,4.1443193483854235e-11,65885286283.21488,0.014020919799804688
ttrs,10.0,2.0,../data/soctrust/Section_5_3_unsolved_instances_saved/instance_10_169.mat,beta,PrimalAndDualFeasible,-68.03155621882408,-68.03155621884491,3.062272005872255e-13,10268099232672.617,0.03420591354370117
ttrs,5.0,2.0,../data/soctrust/Section_5_3_unsolved_instances_saved/instance_5_970.mat,beta,PrimalAndDualFeasible,-13.719220351054187,-13.719220351231085,1.2894209096724696e-11,315965403722.4242,0.011725902557373047
ttrs,20.0,2.0,../data/soctrust/Section_5_3_unsolved_instances_saved/instance_20_846.mat,beta,PrimalAndDualFeasible,-94.7231180610001,-94.72311806114105,1.4880999570686593e-12,2598970372653.5723,0.3969430923461914
ttrs,20.0,2.0,../data/soctrust/Section_5_3_unsolved_instances_saved/instance_20_661.mat,beta,PrimalAndDualFeasible,-135.47428447916542,-135.4742846759814,1.4527922394844375e-09,2666356715.4179544,0.4299030303955078
ttrs,20.0,2.0,../data/soctrust/Section_5_3_unsolved_instances_saved/instance_20_891.mat,beta,PrimalAndDualFeasible,-105.87947152931083,-105.87947152929391,1.5985278091534032e-13,392837857827809.75,0.4115290641784668
ttrs,20.0,2.0,../data/soctrust/Section_5_3_unsolved_instances_saved/instance_20_259.mat,beta,PrimalAndDualFeasible,-148.19515443324696,-148.19515442748747,3.886421865784426e-11,38948613643.9262,0.4528779983520508
ttrs,5.0,2.0,../data/soctrust/Section_5_3_unsolved_instances_saved/instance_5_804.mat,beta,PrimalAndDualFeasible,-12.341304935211515,-12.34130497713888,3.39732020561081e-09,1522035902.536407,0.007998228073120117
ttrs,20.0,2.0,../data/soctrust/Section_5_3_unsolved_instances_saved/instance_20_701.mat,beta,PrimalAndDualFeasible,-130.14243810570272,-130.1424381057953,7.112937867324049e-13,9259701808058.053,0.3683021068572998
ttrs,20.0,2.0,../data/soctrust/Section_5_3_unsolved_instances_saved/instance_20_705.mat,beta,PrimalAndDualFeasible,-118.02377529350116,-118.0237752936758,1.47967808317181e-12,2598226428882.2627,0.33370113372802734
ttrs,20.0,2.0,../data/soctrust/Section_5_3_unsolved_instances_saved/instance_20_60.mat,beta,PrimalAndDualFeasible,-141.7097674135526,-141.7097674135374,1.0730110438253919e-13,148358188578114.28,0.40611696243286133
ttrs,5.0,2.0,../data/soctrust/Section_5_3_unsolved_instances_saved/instance_5_800.mat,beta,PrimalAndDualFeasible,-18.96591302090967,-18.965916819964193,2.0030958367013803e-07,18663377.91726782,0.009744882583618164
ttrs,20.0,2.0,../data/soctrust/Section_5_3_unsolved_instances_saved/instance_20_48.mat,beta,PrimalAndDualFeasible,-131.52185390802424,-131.52185411941997,1.6073049680690215e-09,3398835187.9557753,0.3889491558074951
ttrs,5.0,2.0,../data/soctrust/Section_5_3_unsolved_instances_saved/instance_5_394.mat,beta,PrimalAndDualFeasible,-22.381026619521684,-22.381026638289917,8.385778499348809e-10,3225725972.5306606,0.009926080703735352
ttrs,10.0,2.0,../data/soctrust/Section_5_3_unsolved_instances_saved/instance_10_805.mat,beta,PrimalAndDualFeasible,-88.82328700085891,-88.82328700871298,8.84235391382146e-11,39418146011.9669,0.03650617599487305
ttrs,10.0,2.0,../data/soctrust/Section_5_3_unsolved_instances_saved/instance_10_811.mat,beta,PrimalAndDualFeasible,-70.44513793475284,-70.44513795636217,3.0675414867439626e-10,11231725573.70517,0.03932905197143555
ttrs,5.0,2.0,../data/soctrust/Section_5_3_unsolved_instances_saved/instance_5_949.mat,beta,PrimalAndDualFeasible,-12.196269633830138,-12.196269638673359,3.971067449195625e-10,9117619304.341091,0.012008905410766602
ttrs,5.0,2.0,../data/soctrust/Section_5_3_unsolved_instances_saved/instance_5_752.mat,beta,PrimalAndDualFeasible,-21.78963159744555,-21.78963159797431,2.426663491697066e-11,138580831114.72147,0.011355876922607422
ttrs,10.0,2.0,../data/soctrust/Section_5_3_unsolved_instances_saved/instance_10_804.mat,beta,PrimalAndDualFeasible,-64.60055233939372,-64.60055245815596,1.8384091168453038e-09,1648326276.4485672,0.038970947265625
ttrs,10.0,2.0,../data/soctrust/Section_5_3_unsolved_instances_saved/instance_10_353.mat,beta,PrimalAndDualFeasible,-59.08663546118411,-59.086635464158206,5.0334519633765713e-11,78101421637.42879,0.041990041732788086
ttrs,10.0,2.0,../data/soctrust/Section_5_3_unsolved_instances_saved/instance_10_347.mat,beta,PrimalAndDualFeasible,-97.20920792751468,-97.20920795236121,2.5559850673457333e-10,18257256073.679577,0.03889298439025879
ttrs,10.0,2.0,../data/soctrust/Section_5_3_unsolved_instances_saved/instance_10_409.mat,beta,PrimalAndDualFeasible,-87.06614133784038,-87.06614147899883,1.6212783724520867e-09,2087016940.8310642,0.04781603813171387
ttrs,20.0,2.0,../data/soctrust/Section_5_3_unsolved_instances_saved/instance_20_314.mat,beta,PrimalAndDualFeasible,-133.29305545436324,-133.29305545446766,7.833968550823349e-13,6148367923985.664,0.34575414657592773
ttrs,10.0,2.0,../data/soctrust/Section_5_3_unsolved_instances_saved/instance_10_582.mat,beta,PrimalAndDualFeasible,-80.45461264054205,-80.45461264596958,6.746068548902072e-11,46291815939.42252,0.04593396186828613
ttrs,20.0,2.0,../data/soctrust/Section_5_3_unsolved_instances_saved/instance_20_61.mat,beta,PrimalAndDualFeasible,-133.0544427643532,-133.05444281947226,4.142593375416864e-10,8109482818.527702,0.35702013969421387
ttrs,10.0,2.0,../data/soctrust/Section_5_3_unsolved_instances_saved/instance_10_769.mat,beta,PrimalAndDualFeasible,-54.10498336825278,-54.10498336826726,2.676437557743683e-13,13954345005296.941,0.03185701370239258
ttrs,20.0,2.0,../data/soctrust/Section_5_3_unsolved_instances_saved/instance_20_114.mat,beta,PrimalAndDualFeasible,-136.78300797817695,-136.78300803613067,4.236908793281966e-10,9854730047.900293,0.4099910259246826
ttrs,5.0,2.0,../data/soctrust/Section_5_3_unsolved_instances_saved/instance_5_988.mat,beta,PrimalAndDualFeasible,-18.598373389070918,-18.598373400979714,6.403138314508539e-10,4374806023.763242,0.009413957595825195
ttrs,20.0,2.0,../data/soctrust/Section_5_3_unsolved_instances_saved/instance_20_129.mat,beta,PrimalAndDualFeasible,-133.58118828367006,-133.5811884063884,9.186798605723228e-10,3515547558.6994147,0.4461221694946289
ttrs,5.0,2.0,../data/soctrust/Section_5_3_unsolved_instances_saved/instance_5_71.mat,beta,PrimalAndDualFeasible,-9.941984410157561,-9.94198441405454,3.9197192212033596e-10,11010779701.189625,0.01859307289123535
ttrs,20.0,2.0,../data/soctrust/Section_5_3_unsolved_instances_saved/instance_20_115.mat,beta,PrimalAndDualFeasible,-152.34770076138753,-152.34770077254475,7.323527823413427e-11,56341679642.55608,0.45187807083129883
ttrs,20.0,2.0,../data/soctrust/Section_5_3_unsolved_instances_saved/instance_20_465.mat,beta,PrimalAndDualFeasible,-144.03858075408488,-144.03858076363798,6.632323731195661e-11,71190974095.5177,0.4198601245880127
ttrs,5.0,2.0,../data/soctrust/Section_5_3_unsolved_instances_saved/instance_5_382.mat,beta,PrimalAndDualFeasible,-24.895994791153832,-24.895994792094648,3.7789830590812626e-11,65228842626.0313,0.013752937316894531
ttrs,20.0,2.0,../data/soctrust/Section_5_3_unsolved_instances_saved/instance_20_539.mat,beta,PrimalAndDualFeasible,-143.1331352732152,-143.13313527434178,7.870851960641288e-12,604655532531.9116,0.4070911407470703
ttrs,20.0,2.0,../data/soctrust/Section_5_3_unsolved_instances_saved/instance_20_511.mat,beta,PrimalAndDualFeasible,-130.49471161427348,-130.49471161433425,4.656557649769394e-13,8766472881880.575,0.3940598964691162
ttrs,10.0,2.0,../data/soctrust/Section_5_3_unsolved_instances_saved/instance_10_754.mat,beta,PrimalAndDualFeasible,-77.71073272291744,-77.71073295696358,3.011760822952036e-09,1086507029.9576595,0.03842806816101074
ttrs,5.0,2.0,../data/soctrust/Section_5_3_unsolved_instances_saved/instance_5_157.mat,beta,PrimalAndDualFeasible,-13.60293036429028,-13.602930365649266,9.99039013146214e-11,32154278951.76658,0.009207963943481445
ttrs,10.0,2.0,../data/soctrust/Section_5_3_unsolved_instances_saved/instance_10_928.mat,beta,PrimalAndDualFeasible,-58.06739128865313,-58.06739129277036,7.090438687561846e-11,54616841781.47825,0.03835797309875488
ttrs,10.0,2.0,../data/soctrust/Section_5_3_unsolved_instances_saved/instance_10_900.mat,beta,PrimalAndDualFeasible,-82.44235665453556,-82.44235703762509,4.646756142780731e-09,756186827.4159353,0.0405580997467041
ttrs,5.0,2.0,../data/soctrust/Section_5_3_unsolved_instances_saved/instance_5_124.mat,beta,PrimalAndDualFeasible,-20.633368636869744,-20.63336863723259,1.758538607174854e-11,185311705391.6744,0.012131929397583008
ttrs,5.0,2.0,../data/soctrust/Section_5_3_unsolved_instances_saved/instance_5_468.mat,beta,PrimalAndDualFeasible,-10.512114269561796,-10.512114280183956,1.0104685556938455e-09,4475025333.31756,0.011335134506225586
ttrs,20.0,2.0,../data/soctrust/Section_5_3_unsolved_instances_saved/instance_20_562.mat,beta,PrimalAndDualFeasible,-149.09329975707476,-149.09329975715127,5.131769295554635e-13,9367503006316.016,0.3762691020965576
ttrs,10.0,2.0,../data/soctrust/Section_5_3_unsolved_instances_saved/instance_10_257.mat,beta,PrimalAndDualFeasible,-75.271573191983,-75.27157473179362,2.045673478878208e-08,187294223.54237783,0.03503894805908203
ttrs,20.0,2.0,../data/soctrust/Section_5_3_unsolved_instances_saved/instance_20_628.mat,beta,PrimalAndDualFeasible,-130.28219662553292,-130.2821966255381,3.970420556541079e-14,220692042530055.56,0.42873716354370117
ttrs,20.0,2.0,../data/soctrust/Section_5_3_unsolved_instances_saved/instance_20_172.mat,beta,PrimalAndDualFeasible,-140.1842121779369,-140.18421217814185,1.4619973499037836e-12,3586496312507.2173,0.43365907669067383
ttrs,5.0,2.0,../data/soctrust/Section_5_3_unsolved_instances_saved/instance_5_17.mat,beta,PrimalAndDualFeasible,-14.207032074329389,-14.207040264356545,5.764768286922332e-07,6721805.673242125,0.011806964874267578
ttrs,10.0,2.0,../data/soctrust/Section_5_3_unsolved_instances_saved/instance_10_322.mat,beta,PrimalAndDualFeasible,-60.75472247042242,-60.75472247044241,3.2898787689564374e-13,11478351328148.973,0.038420915603637695
ttrs,10.0,2.0,../data/soctrust/Section_5_3_unsolved_instances_saved/instance_10_444.mat,beta,PrimalAndDualFeasible,-62.772665666289626,-62.772665853840174,2.987774141275151e-09,1100220325.565237,0.0419769287109375
ttrs,20.0,2.0,../data/soctrust/Section_5_3_unsolved_instances_saved/instance_20_10.mat,beta,PrimalAndDualFeasible,-142.28176688642714,-142.28176688645104,1.6799522633175805e-13,33060881914365.72,0.35674500465393066
ttrs,5.0,2.0,../data/soctrust/Section_5_3_unsolved_instances_saved/instance_5_694.mat,beta,PrimalAndDualFeasible,-19.63150694453174,-19.631506945405075,4.448640567421821e-11,81732028844.26538,0.01264190673828125
ttrs,20.0,2.0,../data/soctrust/Section_5_3_unsolved_instances_saved/instance_20_952.mat,beta,PrimalAndDualFeasible,-142.5149007395084,-142.51490088845202,1.0451091525084106e-09,3654531101.08699,0.5190739631652832
ttrs,10.0,2.0,../data/soctrust/Section_5_3_unsolved_instances_saved/instance_10_730.mat,beta,PrimalAndDualFeasible,-73.43404411621354,-73.4340441334169,2.342695747633634e-10,14086394772.698097,0.04314088821411133
ttrs,10.0,2.0,../data/soctrust/Section_5_3_unsolved_instances_saved/instance_10_718.mat,beta,PrimalAndDualFeasible,-91.11500070580628,-91.11500433319803,3.981113591007358e-08,82036836.21649778,0.04214000701904297
ttrs,10.0,2.0,../data/soctrust/Section_5_3_unsolved_instances_saved/instance_10_283.mat,beta,PrimalAndDualFeasible,-46.5952686127627,-46.5952686128787,2.4894394874444396e-12,193451692661.63098,0.04572892189025879
ttrs,10.0,2.0,../data/soctrust/Section_5_3_unsolved_instances_saved/instance_10_446.mat,beta,PrimalAndDualFeasible,-95.9672178468818,-95.96721847245054,6.518567040347505e-09,856408944.1169918,0.030753135681152344
ttrs,10.0,2.0,../data/soctrust/Section_5_3_unsolved_instances_saved/instance_10_452.mat,beta,PrimalAndDualFeasible,-69.2653553477666,-69.26535534786751,1.4568795442674317e-12,2824986790911.8647,0.03916287422180176
ttrs,20.0,2.0,../data/soctrust/Section_5_3_unsolved_instances_saved/instance_20_603.mat,beta,PrimalAndDualFeasible,-146.44561042803247,-146.44561044907056,1.43658046956114e-10,26517928720.90565,0.3404099941253662
ttrs,10.0,2.0,../data/soctrust/Section_5_3_unsolved_instances_saved/instance_10_99.mat,beta,PrimalAndDualFeasible,-88.44527157584062,-88.44527157584335,3.084940615484576e-14,80500646285096.89,0.03399491310119629
ttrs,10.0,2.0,../data/soctrust/Section_5_3_unsolved_instances_saved/instance_10_650.mat,beta,PrimalAndDualFeasible,-70.8436274460303,-70.84362753626166,1.2736694952287886e-09,3993836647.5098057,0.037612199783325195
ttrs,10.0,2.0,../data/soctrust/Section_5_3_unsolved_instances_saved/instance_10_137.mat,beta,PrimalAndDualFeasible,-92.60298567594792,-92.60298580545181,1.3984850214709686e-09,2650221804.2530174,0.0329740047454834
ttrs,5.0,2.0,../data/soctrust/Section_5_3_unsolved_instances_saved/instance_5_907.mat,beta,PrimalAndDualFeasible,-18.40498533139195,-18.404985333510805,1.151240364136058e-10,40472579853.624535,0.006968021392822266
ttrs,20.0,2.0,../data/soctrust/Section_5_3_unsolved_instances_saved/instance_20_164.mat,beta,PrimalAndDualFeasible,-138.84341083857882,-138.84341083862083,3.0255153114157495e-13,20514146614552.22,0.350053071975708
ttrs,10.0,2.0,../data/soctrust/Section_5_3_unsolved_instances_saved/instance_10_686.mat,beta,PrimalAndDualFeasible,-83.66645069951574,-83.6664506995305,1.7647549197612894e-13,21160603533717.094,0.03529691696166992
ttrs,10.0,2.0,../data/soctrust/Section_5_3_unsolved_instances_saved/instance_10_269.mat,beta,PrimalAndDualFeasible,-92.00572038392798,-92.00572060804613,2.4359154209206564e-09,1379726080.605335,0.03765606880187988
ttrs,20.0,2.0,../data/soctrust/Section_5_3_unsolved_instances_saved/instance_20_212.mat,beta,PrimalAndDualFeasible,-141.47560942615124,-141.47560942625216,7.13377313564503e-13,10069070789353.656,0.42383790016174316
ttrs,20.0,2.0,../data/soctrust/Section_5_3_unsolved_instances_saved/instance_20_13.mat,beta,PrimalAndDualFeasible,-147.92510896287288,-147.9251089628795,4.476764184061597e-14,422133935120849.5,0.37700796127319336
ttrs,20.0,2.0,../data/soctrust/Section_5_3_unsolved_instances_saved/instance_20_772.mat,beta,PrimalAndDualFeasible,-129.2698231546364,-129.2698231587962,3.2179214689501994e-11,121591731757.53531,0.35125088691711426
ttrs,5.0,2.0,../data/soctrust/Section_5_3_unsolved_instances_saved/instance_5_678.mat,beta,PrimalAndDualFeasible,-7.597390490165248,-7.597390490511906,4.562853706238147e-11,70675410658.92812,0.010426998138427734
ttrs,10.0,2.0,../data/soctrust/Section_5_3_unsolved_instances_saved/instance_10_721.mat,beta,PrimalAndDualFeasible,-67.49526274009173,-67.49526274009204,4.632011063329605e-15,141878202507013.97,0.03672599792480469
ttrs,10.0,2.0,../data/soctrust/Section_5_3_unsolved_instances_saved/instance_10_913.mat,beta,PrimalAndDualFeasible,-57.05684461784024,-57.0568462678365,2.891846270420438e-08,141355804.88380033,0.0323030948638916
ttrs,20.0,2.0,../data/soctrust/Section_5_3_unsolved_instances_saved/instance_20_765.mat,beta,PrimalAndDualFeasible,-101.34865997112433,-101.3486599734083,2.253575499125756e-11,227791174996.12985,0.35674214363098145
ttrs,20.0,2.0,../data/soctrust/Section_5_3_unsolved_instances_saved/instance_20_14.mat,beta,PrimalAndDualFeasible,-136.84789913648586,-136.8478991437068,5.27661237775658e-11,58995664109.15982,0.34568309783935547
ttrs,20.0,2.0,../data/soctrust/Section_5_3_unsolved_instances_saved/instance_20_215.mat,beta,PrimalAndDualFeasible,-108.24017558022528,-108.2401755813726,1.0599699688914394e-11,427839287464.149,0.4587228298187256
ttrs,5.0,2.0,../data/soctrust/Section_5_3_unsolved_instances_saved/instance_5_525.mat,beta,PrimalAndDualFeasible,-19.70238385262082,-19.702383853635993,5.1525426081947715e-11,59996391881.82437,0.010040998458862305
ttrs,10.0,2.0,../data/soctrust/Section_5_3_unsolved_instances_saved/instance_10_125.mat,beta,PrimalAndDualFeasible,-68.44831498727311,-68.44831498729421,3.0830735944333355e-13,17525950943304.055,0.03856182098388672
ttrs,20.0,2.0,../data/soctrust/Section_5_3_unsolved_instances_saved/instance_20_189.mat,beta,PrimalAndDualFeasible,-107.61504917214643,-107.61504917214795,1.412963582903946e-14,479398756237067.75,0.46283483505249023
ttrs,10.0,2.0,../data/soctrust/Section_5_3_unsolved_instances_saved/instance_10_333.mat,beta,PrimalAndDualFeasible,-77.24637286688201,-77.24637290121063,4.444043188223817e-10,8384287571.710282,0.04313302040100098
ttrs,20.0,2.0,../data/soctrust/Section_5_3_unsolved_instances_saved/instance_20_412.mat,beta,PrimalAndDualFeasible,-112.36913079700338,-112.36913079660125,3.578603420927363e-12,98533691779744.9,0.46021604537963867
ttrs,20.0,2.0,../data/soctrust/Section_5_3_unsolved_instances_saved/instance_20_566.mat,beta,PrimalAndDualFeasible,-134.84297465422864,-134.8429746545316,2.2466650679812462e-12,1708620324267.0554,0.4165380001068115
ttrs,10.0,2.0,../data/soctrust/Section_5_3_unsolved_instances_saved/instance_10_737.mat,beta,PrimalAndDualFeasible,-41.67503653491197,-41.67503658070082,1.0987117373672528e-09,3636911882.5271473,0.0378880500793457
ttrs,20.0,2.0,../data/soctrust/Section_5_3_unsolved_instances_saved/instance_20_29.mat,beta,PrimalAndDualFeasible,-125.57929919447085,-125.57929919542495,7.59761028163415e-12,906506576423.3467,0.35806703567504883
